{
    "fifo":[[0.404345, 0.40108, 0.40286], [0.406315, 0.407095, 0.39762], [0.391595, 0.387975, 0.42133], [0.390995, 0.397, 0.421365], [0.40506, 0.403835, 0.411715]],
    "rfu":[[0.430455, 0.431585, 0.4077], [0.439115, 0.43802, 0.39441], [0.4371, 0.438425, 0.40445], [0.446375, 0.441725, 0.39054], [0.43817, 0.439835, 0.39673]],
    "lfu":[[0.5584, 0.370245, 0.5203], [0.5579, 0.370335, 0.52076], [0.448975, 0.519375, 0.368185], [0.554205, 0.335615, 0.536515], [0.459515, 0.547785, 0.27443]],
    "fql":[[0.52865,0.441855, 0.527795]]
}